product_id,product_name,category,brand,price,cost_price,rating
1,Смартфон Xiaomi Redmi Note 14,Электроника,Xiaomi,21990.00,16851.25,4.5
2,Смартфон Samsung Galaxy A56,Электроника,Samsung,36990.00,29762.26,4.6
3,Смартфон Samsung Galaxy S25,Электроника,Samsung,84990.00,68216.14,4.5
4,Смартфон Apple iPhone 16,Электроника,Apple,94990.00,79493.75,4.7
5,Смартфон Apple iPhone 16 Pro,Электроника,Apple,129990.00,93710.11,5.0
6,Смартфон realme C75,Электроника,realme,13490.00,10945.30,4.5
7,Смартфон HONOR X9c,Электроника,HONOR,32990.00,25627.11,4.5
8,Наушники беспроводные Apple AirPods 4,Электроника,Apple,17990.00,15470.50,4.8
9,Наушники беспроводные Xiaomi Redmi Buds 6,Электроника,Xiaomi,3290.00,2802.54,4.3
10,Наушники беспроводные Samsung Galaxy Buds3,Электроника,Samsung,12990.00,9578.71,4.4
11,Наушники накладные JBL Tune 520BT,Электроника,JBL,4990.00,3941.26,4.7
12,Фитнес-браслет Xiaomi Smart Band 9,Электроника,Xiaomi,3990.00,2920.77,4.0
13,Умные часы Apple Watch SE,Электроника,Apple,27990.00,23149.07,4.3
14,Умные часы HUAWEI Watch Fit 3,Электроника,HUAWEI,11990.00,9419.20,4.6
15,Планшет Xiaomi Redmi Pad SE,Электроника,Xiaomi,17490.00,13754.95,4.6
16,Планшет Apple iPad 10.9,Электроника,Apple,42990.00,33773.01,4.6
17,Ноутбук HUAWEI MateBook D 16,Электроника,HUAWEI,64990.00,48066.08,4.6
18,Ноутбук ASUS Vivobook 15,Электроника,ASUS,52990.00,43432.91,4.6
19,Ноутбук Apple MacBook Air 13 M3,Электроника,Apple,119990.00,88069.92,4.3
20,Портативная колонка JBL Flip 6,Электроника,JBL,10990.00,8602.30,4.8
21,Умная колонка Яндекс Станция Мини 3,Электроника,Яндекс,7990.00,6483.71,3.9
22,Внешний аккумулятор Xiaomi 20000 мАч,Электроника,Xiaomi,2490.00,1968.28,4.7
23,Зарядное устройство Anker 65 Вт,Электроника,Anker,3490.00,2988.76,5.0
24,Электронная книга PocketBook 629,Электроника,PocketBook,16990.00,13458.80,4.8
25,Робот-пылесос Xiaomi Robot Vacuum S20,Бытовая техника,Xiaomi,24990.00,17684.07,4.8
26,Робот-пылесос Dreame L10s Ultra,Бытовая техника,Dreame,49990.00,38652.25,4.6
27,Пылесос беспроводной Dyson V12,Бытовая техника,Dyson,59990.00,40022.50,4.3
28,Пылесос вертикальный Tefal X-Force Flex 8.60,Бытовая техника,Tefal,21990.00,16183.11,4.4
29,Чайник электрический Xiaomi Kettle 2,Бытовая техника,Xiaomi,2290.00,1568.95,4.8
30,Чайник электрический Bosch TWK 3A011,Бытовая техника,Bosch,3190.00,2254.52,4.3
31,Кофемашина DeLonghi Magnifica S,Бытовая техника,DeLonghi,44990.00,31980.58,4.5
32,Кофеварка капельная Philips HD7461,Бытовая техника,Philips,5490.00,4167.88,4.8
33,Микроволновая печь Samsung ME88SUG,Бытовая техника,Samsung,11990.00,8645.34,4.3
34,Микроволновая печь Midea MM720,Бытовая техника,Midea,6490.00,4412.61,4.6
35,Утюг Philips DST 3020,Бытовая техника,Philips,4790.00,3691.61,4.5
36,Блендер погружной Braun MQ 7035,Бытовая техника,Braun,7990.00,5665.09,4.7
37,Фен Dyson Supersonic,Бытовая техника,Dyson,49490.00,33216.83,
38,Фен Polaris PHD 2077,Бытовая техника,Polaris,2990.00,2201.71,5.0
39,Мультиварка Redmond RMC-M90,Бытовая техника,Redmond,5990.00,3985.07,4.3
40,Стиральная машина Haier HW60,Бытовая техника,Haier,32490.00,24965.48,4.5
41,Посудомоечная машина Midea MFD45S,Бытовая техника,Midea,27990.00,19673.90,4.8
42,Футболка базовая хлопковая,Одежда и обувь,Befree,999.00,386.09,5.0
43,Футболка оверсайз,Одежда и обувь,Твоё,1299.00,559.83,4.3
44,Джинсы прямые,Одежда и обувь,Gloria Jeans,2999.00,1485.65,
45,Джинсы классические,Одежда и обувь,Lee,6990.00,3307.25,4.5
46,Худи с капюшоном,Одежда и обувь,Demix,3299.00,1712.82,4.6
47,Куртка зимняя пуховая,Одежда и обувь,Outventure,12990.00,4853.86,4.7
48,Куртка демисезонная,Одежда и обувь,Befree,4999.00,2704.21,4.3
49,Пуховик удлинённый,Одежда и обувь,Zarina,9990.00,3683.45,4.7
50,Кроссовки беговые Nike Revolution 7,Одежда и обувь,Nike,7990.00,3484.39,4.7
51,Кроссовки adidas Runfalcon 3,Одежда и обувь,adidas,6490.00,3178.91,4.6
52,Кеды Converse Chuck Taylor,Одежда и обувь,Converse,7490.00,2886.92,4.9
53,Ботинки зимние,Одежда и обувь,Ralf Ringer,11490.00,5436.98,4.6
54,Платье трикотажное,Одежда и обувь,Zarina,3499.00,1294.03,4.5
55,Свитер шерстяной,Одежда и обувь,Lime,5990.00,2717.14,4.3
56,Шапка вязаная,Одежда и обувь,Твоё,799.00,347.45,4.3
57,Носки набор 5 пар,Одежда и обувь,Demix,499.00,222.47,4.3
58,Спортивный костюм,Одежда и обувь,Demix,4990.00,1865.10,
59,Пижама женская,Одежда и обувь,Твоё,1999.00,968.45,4.8
60,Сковорода антипригарная 28 см,Дом и кухня,Tefal,3490.00,1747.07,4.5
61,Набор кастрюль 6 предметов,Дом и кухня,Rondell,7490.00,4671.34,5.0
62,Набор ножей 5 предметов,Дом и кухня,Fissman,4590.00,2237.06,
63,Постельное бельё евро сатин,Дом и кухня,Togas,5890.00,3253.37,4.3
64,Подушка ортопедическая,Дом и кухня,Askona,3990.00,1829.98,4.1
65,Одеяло всесезонное 200x220,Дом и кухня,Askona,4490.00,2562.26,5.0
66,Плед флисовый 150x200,Дом и кухня,Самойловский текстиль,1490.00,966.17,4.5
67,Контейнеры для еды набор 5 шт,Дом и кухня,Fissman,1290.00,612.33,4.7
68,Полотенца банные набор 2 шт,Дом и кухня,Togas,2490.00,1485.92,4.6
69,Гирлянда светодиодная 10 м,Дом и кухня,Feron,890.00,560.08,4.3
70,Искусственная ёлка 180 см,Дом и кухня,Crystal Trees,8990.00,5018.93,4.2
71,Настольная лампа LED,Дом и кухня,Xiaomi,2990.00,1422.68,4.4
72,Ароматическая свеча,Дом и кухня,Aroma Home,790.00,416.44,4.9
73,Кружка керамическая 350 мл,Дом и кухня,Fissman,490.00,257.19,4.6
74,Органайзер для хранения,Дом и кухня,Handy Home,690.00,345.37,4.8
75,Швабра с отжимом,Дом и кухня,Vileda,2290.00,1190.96,4.6
76,Шампунь восстанавливающий 400 мл,Красота и здоровье,Garnier,459.00,258.98,4.7
77,Крем для лица увлажняющий,Красота и здоровье,La Roche-Posay,2190.00,1301.70,4.6
78,Сыворотка для лица с витамином C,Красота и здоровье,The Ordinary,1890.00,797.35,4.6
79,Зубная щётка электрическая Oral-B Pro 3,Красота и здоровье,Oral-B,5490.00,2236.17,4.1
80,Ирригатор Revyline RL 450,Красота и здоровье,Revyline,5990.00,2631.15,4.5
81,Парфюмерная вода женская,Красота и здоровье,Zarkoperfume,4990.00,2022.49,4.4
82,Туалетная вода мужская,Красота и здоровье,Hugo Boss,7990.00,3485.53,4.7
83,Бритва электрическая Philips S3000,Красота и здоровье,Philips,6990.00,3425.15,
84,Витамин D3 2000 МЕ,Красота и здоровье,Эвалар,690.00,307.50,4.1
85,Омега-3 капсулы,Красота и здоровье,Solgar,2490.00,1386.13,4.5
86,Маска для волос,Красота и здоровье,Kapous,890.00,425.14,4.6
87,Набор косметики подарочный,Красота и здоровье,Vivienne Sabo,2990.00,1528.43,4.2
88,Массажёр для шеи,Красота и здоровье,Yamaguchi,7490.00,4415.63,4.3
89,Гель для душа 750 мл,Красота и здоровье,Palmolive,399.00,224.13,4.7
90,Python для анализа данных,Книги,Питер,2890.00,1708.16,4.3
91,SQL. Быстрое погружение,Книги,Питер,1490.00,872.09,5.0
92,Голая статистика,Книги,МИФ,990.00,604.85,4.6
93,Статистика и котики,Книги,АСТ,790.00,442.91,
94,"Думай медленно, решай быстро",Книги,АСТ,1190.00,729.15,4.0
95,Атомные привычки,Книги,МИФ,1090.00,660.18,5.0
96,Мастер и Маргарита,Книги,Эксмо,590.00,359.61,4.4
97,Преступление и наказание,Книги,Эксмо,490.00,301.15,
98,Гарри Поттер и философский камень,Книги,Махаон,890.00,553.46,4.9
99,Дюна,Книги,АСТ,1290.00,768.31,4.7
100,Сторителлинг на данных,Книги,МИФ,1690.00,857.16,4.6
101,Чистый код,Книги,Питер,1590.00,876.36,4.6
102,Доверительное A/B-тестирование,Книги,ДМК Пресс,1990.00,1129.53,4.1
103,Как лгать при помощи статистики,Книги,Альпина Паблишер,690.00,405.86,4.5
104,Гантели разборные 2x10 кг,Спорт и отдых,Demix,4990.00,2882.87,4.3
105,Коврик для йоги 6 мм,Спорт и отдых,Demix,1490.00,991.14,4.3
106,Велосипед горный 27.5,Спорт и отдых,Stern,24990.00,12622.25,4.5
107,Электросамокат Xiaomi Electric Scooter 4,Спорт и отдых,Xiaomi,39990.00,21316.57,4.2
108,Самокат складной,Спорт и отдых,Ridex,5490.00,2750.97,5.0
109,Палатка 3-местная,Спорт и отдых,Outventure,8990.00,5448.42,4.5
110,Спальный мешок,Спорт и отдых,Outventure,3990.00,2332.01,4.5
111,Бутылка для воды 750 мл,Спорт и отдых,Demix,590.00,351.28,4.5
112,Фитнес-резинки набор,Спорт и отдых,Demix,890.00,529.80,4.6
113,Скакалка скоростная,Спорт и отдых,Torres,690.00,407.77,4.6
114,Беговая дорожка складная,Спорт и отдых,Unix Fit,34990.00,22578.21,4.5
115,Лыжи беговые комплект,Спорт и отдых,Fischer,16990.00,11417.05,4.5
116,Санки-ватрушка 100 см,Спорт и отдых,Ника,1990.00,1058.58,
117,Мяч футбольный,Спорт и отдых,adidas,2990.00,1572.75,4.4
118,Конструктор LEGO City Полицейский участок,Детские товары,LEGO,9990.00,6089.46,
119,Конструктор LEGO Classic Набор для творчества,Детские товары,LEGO,3490.00,2441.91,4.7
120,Мягкая игрушка Медведь 50 см,Детские товары,Мякиши,1490.00,890.52,4.5
121,Настольная игра Монополия,Детские товары,Hasbro,2490.00,1631.46,5.0
122,Настольная игра Имаджинариум,Детские товары,Cosmodrome Games,2290.00,1315.15,4.6
123,Подгузники-трусики размер 4,Детские товары,Pampers,1790.00,1107.13,4.4
124,Подгузники размер 3,Детские товары,Huggies,1590.00,1016.24,4.7
125,Кукла Барби,Детские товары,Mattel,1990.00,1389.33,4.8
126,Радиоуправляемая машинка,Детские товары,Maisto,3290.00,1923.20,5.0
127,Детский самокат трёхколёсный,Детские товары,Micro,6990.00,4034.62,
128,Коляска прогулочная,Детские товары,Happy Baby,17990.00,11184.91,4.8
129,Автокресло 9-36 кг,Детские товары,Siger,8990.00,4657.57,4.7
130,Набор для рисования в чемоданчике,Детские товары,Мульти-Пульти,1290.00,650.35,4.4
131,Пазл 1000 элементов,Детские товары,Ravensburger,1690.00,1005.52,4.7
