operator_id,full_name,workshop,line_id,experience_years,hire_date
1,Алексей Семёнов,Сборка,1,1,2025-05-04
2,Сергей Соколов,Сборка,2,14,2012-03-10
3,Ирина Волкова,Сборка,3,17,2008-12-30
4,Олег Голубев,Сборка,4,16,2009-10-22
5,Наталья Соколова,Упаковка,5,1,2025-01-15
6,Дмитрий Богданов,Покраска,6,12,2014-06-08
7,Елена Богданова,Сборка,1,17,2008-09-12
8,Виктор Соколов,Сборка,2,9,2017-06-18
9,Андрей Голубев,Сборка,3,13,2012-12-25
10,Татьяна Семёнова,Сборка,4,0,2026-01-18
11,Павел Кузнецов,Упаковка,5,7,2018-12-13
12,Светлана Козлова,Покраска,6,2,2024-06-12
13,Игорь Павлов,Сборка,1,9,2016-12-11
14,Марина Козлова,Сборка,2,10,2015-09-23
15,Роман Павлов,Сборка,3,0,2025-11-12
16,Юлия Богданова,Сборка,4,20,2005-09-21
17,Николай Соколов,Упаковка,5,22,2004-01-03
18,Ольга Морозова,Покраска,6,19,2007-04-03
19,Максим Семёнов,Сборка,1,19,2007-05-03
20,Анна Волкова,Сборка,2,0,2025-12-24
21,Артём Новиков,Сборка,3,20,2006-05-04
22,Галина Козлова,Сборка,4,5,2021-05-26
23,Денис Морозов,Упаковка,5,14,2011-12-10
24,Людмила Лебедева,Покраска,6,14,2011-11-21
